ticker,buy_price,buy_date,shares,stop,notes
AMZN,284.0287,,1,,תיק אישי
GOOGL,306.8307,,10,,תיק אישי
TSLA,440.9769,,1,,תיק אישי
NVDA,185.9015,,35,,תיק אישי
BZAI,1.5865,,450,,תיק אישי
PLTR,145.4171,,28,,תיק אישי
RGTI,28.6599,,2,,תיק אישי
KLAC,189.7683,,4,,תיק אישי
IREN,41.7953,,4,,תיק אישי
AMPG,2.5978,,27,,תיק אישי
AMZN,239.6134,,9,,תיק ראשי
GOOGL,354.1375,,6,,תיק ראשי
MSFT,371.2631,,8,,תיק ראשי
NVDA,210.6632,,102,,תיק ראשי
PLTR,118.1766,,9,,תיק ראשי
RGTI,19.1858,,105,,תיק ראשי
IBM,278.2163,,6,,תיק ראשי
SPY,766.4623,,11,,תיק ראשי
KLAC,188.1927,,16,,תיק ראשי
COKE,191.8601,,17,,תיק ראשי
NVTS,12.6899,,80,,תיק ראשי
AVGO,354.165,,17,,תיק ראשי
IREN,40.2283,,25,,תיק ראשי
