sector,ticker,note
תשתיות,VRT,Vertiv – חשמל וקירור לדאטה-סנטרים
תשתיות,PWR,Quanta Services – רשתות חשמל
תשתיות,ETN,Eaton – ציוד חשמל
אנרגיה,GEV,GE Vernova – טורבינות ורשת
אנרגיה,VST,Vistra – ייצור חשמל
אנרגיה,FSLR,First Solar – סולארי
אנרגיה אטומית,CCJ,Cameco – אורניום
אנרגיה אטומית,CEG,Constellation – כורים פעילים
אנרגיה אטומית,OKLO,Oklo – כורים קטנים (ספקולטיבי)
AI,NVDA,NVIDIA – שבבים
AI,AVGO,Broadcom – שבבים ורשת
AI,PLTR,Palantir – תוכנה
רובוטיקה,ONDS,Ondas – רחפנים ואוטונומיה (ספקולטיבי)
רובוטיקה,ISRG,Intuitive Surgical – רובוטיקה רפואית
רובוטיקה,SYM,Symbotic – רובוטיקת מחסנים
