date,ticker,rank,price,score
2026-09-30,ECO,1,80.88,93.4
2026-09-30,CDNA,2,65.0,92.4
2026-09-30,INSW,3,110.14,91.4
2026-09-30,TNK,4,97.06,90.9
2026-09-30,FRO,5,49.27,90.9
2026-09-30,P,6,130.78,90.6
2026-09-30,LPG,7,55.06,89.3
2026-09-30,PBF,8,76.96,88.1
2026-09-30,CVI,9,50.99,84.9
2026-09-30,SB,10,8.54,84.3
2026-10-01,CDNA,1,66.23,93.1
2026-10-01,ECO,2,85.74,92.2
2026-10-01,P,3,134.13,91.1
2026-10-01,INSW,4,114.6,90.8
2026-10-01,TNK,5,101.01,90.5
2026-10-01,FRO,6,51.54,90.1
2026-10-01,LPG,7,56.59,89.8
2026-10-01,PBF,8,82.34,89.5
2026-10-01,HSHP,9,18.05,86.5
2026-10-01,CVI,10,54.36,86.5
